id:1,cat_id:2,title:(Hentai -Sexy Blonde Fucking With Her Friend - Uncensored -Uncensored- Hentai),description:(Hentai -Sexy Blonde Fucking With Her Friend - Uncensored -Uncensored- Hentai),url:file/e5m0a820ar3s47i/%2528Hentai_-Sexy_Blonde_F%2Ack%2Ang_With_Her_Friend_-_Uncensored_-Uncensored-_Hentai%2529.mp4/file,picture:Anime/Selection_010.png,download_id:download1488,file:l41n5m4s9vzg/e5m0a820ar3s47i/%28Hentai+-Sexy+Blonde+Fucking+With+Her+Friend+-+Uncensored+-Uncensored-+Hentai%29.mp4
id:2,cat_id:2,title:Hot Panty Flash Teacher Caught Masturbating,description: -(Hot Panty Flash Teacher Caught Masturbating) Uncensored ,url:file/fj9yminoleb5iwf/2.mp4/file,picture:Anime/1.png,download_id:download1499,file:3us1s4d5crag/fj9yminoleb5iwf/2.mp4
id:3,cat_id:2,title:Anime Student Fucking,description: -(Student Fucking) Uncensored ,url:file/njidv9ld05wy7hw/3.mp4/file,picture:Anime/2.png,download_id:download1323,file:aoxnile3j6sg/njidv9ld05wy7hw/3.mp4
id:4,cat_id:2,title:Anime Girls Rape a boy,description: Girls Rape a boy,url:file/wayhhqrop60ercn/4.mp4/file,picture:Anime/3.png,download_id:download1482,file:lsyhwqkpspjg/wayhhqrop60ercn/4.mp4
id:5,cat_id:2,title:Hard Core Anime ,description: Hard Core Fuck - Uncensored ,url:file/bhtw44xgztf1qgx/5.mp4/file,picture:Anime/5.png,download_id:download1351,file:ob8ljkitbwgg/bhtw44xgztf1qgx/5.mp4
id:6,cat_id:2,title:Boku Dake no Hentai Kanojo Motto The Animation Episode 01,description: Boku Dake no Hentai Kanojo Motto The Animation Episode 01 - Uncensored ,url:file/hth1wyu1ilsq4h1/Boku_Dake_no_Hentai_Kanojo_Motto_The_Animation_Episode_01.mp4/file,picture:Anime/6.png,download_id:download1584,file:ur4w5177moeg/hth1wyu1ilsq4h1/Boku+Dake+no+Hentai+Kanojo+Motto+The+Animation+Episode+01.mp4
=======,,,,,,,
id:7,cat_id:1,title:(fuck with sister in law),description:(fuck with sister in law in bed),url:file/89h6hmtetl6lyr4/sisinlaw.mp4/file,picture:JAV/sisterinlaw.png,download_id:download1476,file:7y87nvl28vhg/89h6hmtetl6lyr4/sisinlaw.mp4
id:8,cat_id:1,title:(Beautiful black suit girl),description:(Beautiful black suit girl with multiple position in bed),url:file/5tz55bh0maof8q4/beautiful_black_suit_girl.mp4/file,picture:JAV/6.png,download_id:download1585,file:2t4nmdp53mrg/5tz55bh0maof8q4/beautiful+black+suit+girl.mp4
id:9,cat_id:1,title:(Japanese School Girl),description:(Japanese cute school girl),url:file/tvxazu7lg5z4zre/japanese_school_girl.mp4/file,picture:JAV/7.png,download_id:download1495,file:eghwj3na1iig/tvxazu7lg5z4zre/japanese+school+girl.mp4
id:10,cat_id:1,title:(Cute School Girl in Library),description:(Cute school girl blowjob and fuck in library),url:file/0alixgu3h1i8zeb/school_girl.mp4/file,picture:JAV/9.png,download_id:download1080,file:q94h2z2mw4sg/0alixgu3h1i8zeb/school+girl.mp4
id:11,cat_id:1,title:(Beautiful Employee),description:(Beautiful employee sex with boss),url:file/n1igo4gijuafg7e/beautiful_employee.mp4/file,picture:JAV/4.png,download_id:download1499,file:4duztjygdc4g/n1igo4gijuafg7e/beautiful+employee.mp4
id:12,cat_id:1,title:(Cute japanese teen girl with old men),description:(Cute tenn japanese with old men),url:file/mllqpioxcdrcbb3/beautiful_girl_with_tow_man.mp4/file,picture:JAV/5.png,download_id:download939,file:2zuzban005qg/mllqpioxcdrcbb3/beautiful+girl+with+tow+man.mp4
id:13,cat_id:1,title:(Japanese girl sex for money),description:(Japanese girl sex for money),url:file/ysa5bc7pwdpbnq9/mirror.mp4/file,picture:JAV/8.png,download_id:download1521,file:28yghilm1mbg/ysa5bc7pwdpbnq9/mirror.mp4
id:14,cat_id:1,title:(Japanese cute girl sex),description:(Japanese cute girl sex),url:file/sl9wlxs571vkp4k/1080P_8000K_264139492.mp4/file,picture:JAV/1.jpg,download_id:download1495,file:zd7e73fc6wfg/sl9wlxs571vkp4k/1080P_8000K_264139492.mp4
id:15,cat_id:1,title:(Japanese girl blowjob and cum in mouth),description:(Japanese girl blowjob and cum in mouth),url:file/gub0yw6mk5ctq5x/720P_4000K_200769111.mp4/file,picture:JAV/2.jpg,download_id:download1321,file:cek5yo1e35vg/gub0yw6mk5ctq5x/720P_4000K_200769111.mp4
id:16,cat_id:1,title:(Japanese girl fuck with night suit),description:(Japanese girl fuck with night suit and cum in pussy),url:file/zh66799n9fh96r7/720P_4000K_342180611.mp4/file,picture:JAV/3.jpg,download_id:download1591,file:ykke2nlaenzg/zh66799n9fh96r7/720P_4000K_342180611.mp4
id:17,cat_id:1,title:(Cute girl blowjob with brother in law),description:(Japanese girl fuck with brother in law),url:file/68i1d5q9f9m435z/720P_4000K_350853552.mp4/file,picture:JAV/1.jpg,download_id:download1338,file:0xpngetjzf5g/68i1d5q9f9m435z/720P_4000K_350853552.mp4
id:18,cat_id:1,title:(Cute girl cum in pussy),description:(Innocent japanese girl fucked by brother in law),url:file/9qvx68mt19q6234/720P_4000K_356840332.mp4/file,picture:JAV/2.jpg,download_id:download1582,file:m6wyhw6h111g/9qvx68mt19q6234/720P_4000K_356840332.mp4
id:19,cat_id:1,title:(Japanese girl show how good she is),description:(Japanese girl show her skill to innocent boy),url:file/k99audb1wu35ai4/720P_4000K_379030342.mp4/file,picture:JAV/3.jpg,download_id:download1348,file:ye18l5ke7vbg/k99audb1wu35ai4/720P_4000K_379030342.mp4
=======,,,,,,,
id:7,cat_id:3,title:CUM4K Multiple Creamy Creampies With Gorgeous Busty Newcomer,description: အနှိပ် HD တွေ ကြိုက်တဲ့သူတွေ အကြိုက်တွေ့စေမယ့် video လေးပါ Uncensored,url:file/h4ht15ij3xvclb0/1.mp4/file,picture:Massage/1.png,download_id:download1515,file:a8oziydt1reg/h4ht15ij3xvclb0/1.mp4
id:8,cat_id:3,title:In-Home Massage Therapist fucked me hard,description: အနှိပ် HD တွေ ကြိုက်တဲ့သူတွေ အကြိုက်တွေ့စေမယ့် video လေးပါ Uncensored,url:file/mnf01hjtpfcd7jl/2.mp4/file,picture:Massage/2.png,download_id:download1518,file:a8oziydt1reg/z9wu87yfaaug/mnf01hjtpfcd7jl/2.mp4
id:9,cat_id:3,title:Please dont cum inside me! Schoolgirl gets dirtiest massage from therapist,description: အနှိပ် HD တွေ ကြိုက်တဲ့သူတွေ အကြိုက်တွေ့စေမယ့် video လေးပါ Uncensored,url:file/am71wurg1p8xma3/3.mp4/file,picture:Massage/3.png,download_id:download1638,file:5gqexbqodrwg/am71wurg1p8xma3/3.mp4
id:10,cat_id:3,title:Sensual Massage Ends Up With Fucking,description: အနှိပ် HD တွေ ကြိုက်တဲ့သူတွေ အကြိုက်တွေ့စေမယ့် video လေးပါ Uncensored,url:file/ju6fj9lsgbi1sb4/4.mp4/file,picture:Massage/4.png,download_id:download848,file:z6w06sg781qg/ju6fj9lsgbi1sb4/4.mp4
id:11,cat_id:3,title:Happy ending Finger Fuck Massage Asian Babe,description: အနှိပ် HD တွေ ကြိုက်တဲ့သူတွေ အကြိုက်တွေ့စေမယ့် video လေးပါ Uncensored,url:file/sh6cyyxyzu60mmh/5.mp4/file,picture:Massage/5.png,download_id:download1077,file:99kguvgs31vg/sh6cyyxyzu60mmh/5.mp4
id:12,cat_id:3,title:PASSION-HD Naked Massage Therapist Milks Big Dick,description: အနှိပ် HD တွေ ကြိုက်တဲ့သူတွေ အကြိုက်တွေ့စေမယ့် video လေးပါ Uncensored,url:file/3tc4d97lv7qijuc/6.mp4/file,picture:Massage/6.png,download_id:download1493,file:dcw68ig7jh8g/3tc4d97lv7qijuc/6.mp4
id:12,cat_id:3,title:Madisin Lee - Passionate Love Affair In Massage HD,description: အနှိပ် HD တွေ ကြိုက်တဲ့သူတွေ အကြိုက်တွေ့စေမယ့် video လေးပါ Uncensored,url:file/4byvcgszikd8pni/7.mp4/file,picture:Massage/7.png,download_id:download1480,file:i92ombijlqpg/4byvcgszikd8pni/7.mp4
=======,,,,,,,
id:1,cat_id:4,title:Dani Daniels HD,description: Dani Daniels Fan တွေ အကြိုက်တွေ့စေမယ့် HD လေးပါ Uncensored,url:file/az0cdamzu93j7cv/1.mp4/file,picture:DaniDaniels/1.png
id:2,cat_id:4,title:Dani Daniels Booty Calls Johnny Sins Hardcore Hotel Room Fuck,description: Dani Daniels Fan တွေ အကြိုက်တွေ့စေမယ့် HD လေးပါ Uncensored,url:file/sxavm6zw2zyiv4g/2.mp4/file,picture:DaniDaniels/2.png
id:3,cat_id:4,title:Dani Daniels Gets Rimjob And Dick From Mike Adriano,description: Dani Daniels Fan တွေ အကြိုက်တွေ့စေမယ့် HD လေးပါ Uncensored,url:file/vhz3gfu04s1u5ao/3.mp4/file,picture:DaniDaniels/3.png
id:4,cat_id:4,title:DANI DANIELS GETS A BIG MOUTHFUL OF CUM AFTER HARD AND INTENSE SEX SESSION,description: Dani Daniels Fan တွေ အကြိုက်တွေ့စေမယ့် HD လေးပါ Uncensored,url:file/gjf346sc9aruxiw/4.mp4/file,picture:DaniDaniels/4.png
id:5,cat_id:4,title:Riely Reid licks pussy,description: Dani Daniels Fan တွေ အကြိုက်တွေ့စေမယ့် HD လေးပါ Uncensored,url:file/e06islt4r00ey9k/5.mp4/file,picture:DaniDaniels/5.png