title:Myanmar 1,url:www.xnxx.es/search/myanmar?top,picture:JAV/luluaung.jpg,key:v
title:Myanmar 2,url:es.pornhub.com/video/search?search=myanmar,picture:JAV/sexy.jpg,key:v
title:Myanmar 3,url:www.xvideos2.com/?k=myanmar&top,picture:JAV/sexy.jpg,key:v
title:Jav 1,url:es.pornhub.com/video/search?search=jav,picture:JAV/5.png,key:v
title:Jav 2,url:www.xnxx.es/search/jav,picture:JAV/10.png,key:v
title:Jav 3,url:es.pornhub.com/video/search?search=hentai+anime,picture:Anime/anime.jpeg,key:v
title:Jav 4,url:www.xvideos.com/?k=JAV,picture:JAV/23.jpeg,key:v
title:Jav 5,url:vjav.com/,picture:JAV/24.png,key:v
title:Best Asian,url:www.xvideos2.com/?k=asian&top,picture:JAV/sexy.jpg,key:video
title:Myanmar 4,url:www.veochan.com/myanmar.html,picture:JAV/sexy.jpg,key:v
title:Jav 6,url:javkiki.com/,picture:JAV/32.jpg,key:movie
title:Jav 7,url:javhihi69.com/,picture:JAV/37.png,key:javhihi
title:Jav 8,url:sextop.net/,picture:JAV/39.png,key:movies
